Zone,Geographic,Meteorology,Temporal
Boreal,9.795468442928202,2.51240458332021,2.3437449496959846
Polar,9.634037092184625,5.354985327936842,3.2736346688926483
Subtropical,12.869459332172985,6.535112352262271,1.951145962710991
Temperate,8.446223099562037,5.623435208113573,1.8140374030772786
Tropical,13.384714964867694,4.406131559888786,2.069300993621063
