Metric,LOCO,Temporal
R2,0.3412948947412372,0.548513728507626
MAE,6.668972730490893,4.98643095192866
RMSE,11.749911970447437,11.336929420273272
