Metric,Baseline,Tuned
R2,0.298,0.6075868032282583
MAE,6.76,6.944193972594901
